post_id,title,score,num_comments,timestamp,snapshot_number
p1,AI models that run on low-end hardware,320,45,2026-06-25T09:00:00,1
p2,OpenAI unveils new GPT-4o update,210,32,2026-06-25T09:00:00,1
p3,Why Python is still the best first language,430,51,2026-06-25T09:00:00,1
p4,Linux 6.10 released with major improvements,190,28,2026-06-25T09:00:00,1
p5,Best VS Code extensions for productivity,170,20,2026-06-25T09:00:00,1
p6,Docker vs Podman: Which one to use?,160,18,2026-06-25T09:00:00,1
p7,WebGPU is the future of web graphics,150,15,2026-06-25T09:00:00,1
p8,Build a full-stack app with FastAPI,145,12,2026-06-25T09:00:00,1
p9,How I got started with DevOps,140,10,2026-06-25T09:00:00,1
p10,Quantum computing breakthrough explained,135,8,2026-06-25T09:00:00,1

p1,AI models that run on low-end hardware,650,70,2026-06-25T09:30:00,2
p2,OpenAI unveils new GPT-4o update,460,58,2026-06-25T09:30:00,2
p3,Why Python is still the best first language,580,62,2026-06-25T09:30:00,2
p4,Linux 6.10 released with major improvements,420,40,2026-06-25T09:30:00,2
p5,Best VS Code extensions for productivity,300,25,2026-06-25T09:30:00,2
p6,Docker vs Podman: Which one to use?,250,22,2026-06-25T09:30:00,2
p7,WebGPU is the future of web graphics,220,18,2026-06-25T09:30:00,2
p8,Build a full-stack app with FastAPI,210,16,2026-06-25T09:30:00,2
p9,How I got started with DevOps,170,12,2026-06-25T09:30:00,2
p10,Quantum computing breakthrough explained,150,9,2026-06-25T09:30:00,2

p1,AI models that run on low-end hardware,1200,110,2026-06-25T10:00:00,3
p2,OpenAI unveils new GPT-4o update,860,90,2026-06-25T10:00:00,3
p3,Why Python is still the best first language,740,75,2026-06-25T10:00:00,3
p4,Linux 6.10 released with major improvements,680,60,2026-06-25T10:00:00,3
p5,Best VS Code extensions for productivity,500,40,2026-06-25T10:00:00,3
p6,Docker vs Podman: Which one to use?,430,34,2026-06-25T10:00:00,3
p7,WebGPU is the future of web graphics,380,30,2026-06-25T10:00:00,3
p8,Build a full-stack app with FastAPI,320,22,2026-06-25T10:00:00,3
p9,How I got started with DevOps,220,16,2026-06-25T10:00:00,3
p10,Quantum computing breakthrough explained,180,12,2026-06-25T10:00:00,3

p1,AI models that run on low-end hardware,1800,150,2026-06-25T10:30:00,4
p2,OpenAI unveils new GPT-4o update,1350,120,2026-06-25T10:30:00,4
p3,Why Python is still the best first language,930,90,2026-06-25T10:30:00,4
p4,Linux 6.10 released with major improvements,1070,82,2026-06-25T10:30:00,4
p5,Best VS Code extensions for productivity,730,55,2026-06-25T10:30:00,4
p6,Docker vs Podman: Which one to use?,620,45,2026-06-25T10:30:00,4
p7,WebGPU is the future of web graphics,510,38,2026-06-25T10:30:00,4
p8,Build a full-stack app with FastAPI,400,28,2026-06-25T10:30:00,4
p9,How I got started with DevOps,300,20,2026-06-25T10:30:00,4
p10,Quantum computing breakthrough explained,220,15,2026-06-25T10:30:00,4

p1,AI models that run on low-end hardware,2580,200,2026-06-25T11:00:00,5
p2,OpenAI unveils new GPT-4o update,1930,170,2026-06-25T11:00:00,5
p3,Why Python is still the best first language,1160,110,2026-06-25T11:00:00,5
p4,Linux 6.10 released with major improvements,1470,105,2026-06-25T11:00:00,5
p5,Best VS Code extensions for productivity,1000,70,2026-06-25T11:00:00,5
p6,Docker vs Podman: Which one to use?,850,60,2026-06-25T11:00:00,5
p7,WebGPU is the future of web graphics,680,50,2026-06-25T11:00:00,5
p8,Build a full-stack app with FastAPI,520,34,2026-06-25T11:00:00,5
p9,How I got started with DevOps,390,25,2026-06-25T11:00:00,5
p10,Quantum computing breakthrough explained,260,18,2026-06-25T11:00:00,5

p1,AI models that run on low-end hardware,3500,260,2026-06-25T11:30:00,6
p2,OpenAI unveils new GPT-4o update,2550,210,2026-06-25T11:30:00,6
p3,Why Python is still the best first language,1490,130,2026-06-25T11:30:00,6
p4,Linux 6.10 released with major improvements,1930,135,2026-06-25T11:30:00,6
p5,Best VS Code extensions for productivity,1300,92,2026-06-25T11:30:00,6
p6,Docker vs Podman: Which one to use?,1120,75,2026-06-25T11:30:00,6
p7,WebGPU is the future of web graphics,860,60,2026-06-25T11:30:00,6
p8,Build a full-stack app with FastAPI,680,45,2026-06-25T11:30:00,6
p9,How I got started with DevOps,500,30,2026-06-25T11:30:00,6
p10,Quantum computing breakthrough explained,300,20,2026-06-25T11:30:00,6

p1,AI models that run on low-end hardware,4620,320,2026-06-25T12:00:00,7
p2,OpenAI unveils new GPT-4o update,3220,260,2026-06-25T12:00:00,7
p3,Why Python is still the best first language,1930,170,2026-06-25T12:00:00,7
p4,Linux 6.10 released with major improvements,2350,165,2026-06-25T12:00:00,7
p5,Best VS Code extensions for productivity,1640,110,2026-06-25T12:00:00,7
p6,Docker vs Podman: Which one to use?,1410,90,2026-06-25T12:00:00,7
p7,WebGPU is the future of web graphics,1080,75,2026-06-25T12:00:00,7
p8,Build a full-stack app with FastAPI,860,58,2026-06-25T12:00:00,7
p9,How I got started with DevOps,620,40,2026-06-25T12:00:00,7
p10,Quantum computing breakthrough explained,360,25,2026-06-25T12:00:00,7
